"Reference","Qty","Value","Footprint","Description","#","Manufacturer","MPN"
"BT1","1","Battery_Cell","Battery:BatteryHolder_Keystone_3000_1x12mm","Single-cell battery","1","Keystone Electronics","3008TR"
"BZ1","1","Buzzer","Buzzer_Beeper:Buzzer_Murata_PKLCS1212E","BUZZER PIEZO 3V 12X12MM SMD","2","TP124003-2","BUZZER PIEZO 3V 12X12MM SMD"
"C_ACC1,C_MCU1","2","100nF","Capacitor_SMD:C_0603_1608Metric_Pad1.08x0.95mm_HandSolder","Unpolarized capacitor, small symbol","3","KEMET","C0603C101K3RACTU"
"C_PWR1","1","10uF","Capacitor_SMD:C_0805_2012Metric_Pad1.18x1.45mm_HandSolder","Unpolarized capacitor, small symbol","4","Murata Electronics","GRM21BZ71E106KE15L"
"D1,D2","2","LED","LED_SMD:LED_PLCC-2_3x2mm_KA","LED GREEN CLEAR 2PLCC SMD","5","ams-OSRAM USA INC.","LG T67F-R1T1-24-1-20-R18-Z"
"R1","1","0R","Resistor_SMD:R_0603_1608Metric_Pad0.98x0.95mm_HandSolder","RES SMD 0 OHM JUMPER 1/10W 0603","6","Vishay Dale","CRCW06030000Z0EA"
"R2,R3","2","43R","Resistor_SMD:R_0603_1608Metric_Pad0.98x0.95mm_HandSolder","5% thick film 0.1mW","7","Vishay Dale","CRCW060343R0JNEA"
"RPU1,RPU2,RPU3,RPU4","4","10K","Resistor_SMD:R_0603_1608Metric_Pad0.98x0.95mm_HandSolder","5% thick film 0.1mW","8","Vishay Dale","CRCW060310K0JNEA"
"SW1","1","SW_SPST","Button_Switch_SMD:SW_DIP_SPSTx01_Slide_Omron_A6S-110x_W8.9mm_P2.54mm","Single Pole Single Throw (SPST) switch","9","Same Sky (Formerly CUI Devices)","DS04-254-2-01BK-SMT"
"U1","1","ATtiny85V-10SU","Package_SO:SOIC-8_5.3x5.3mm_P1.27mm","IC MCU 8BIT 8KB FLASH 8SOIC","10","Microchip Technology","ATTINY85V-10SU"
"U2","1","LIS2DH12TR","creeper:LGA-12_STM","ACCEL 2-16G I2C/SPI 12LGA","11","STMicroelectronics","LIS2DH12TR"
