﻿pos_x,pos_y,rotation,side,designator,mpn,pack,footprint,value,mount_type
117.5,-75.0,0.0,top,BT1,3005,,BAT_3005,3005,tht
117.5,-75.0,0.0,bottom,BZ1,SMT-1324-TW-1V-HT-R,,XDCR_SMT-1324-TW-1V-HT-R,SMT-1324-TW-1V-HT-R,smt
127.4625,-52.55,0.0,top,C_ACC1,C0603C101K3RACTU,,C_0603_1608Metric_Pad1.08x0.95mm_HandSolder,100nF,smt
113.2,-58.1625,-90.0,top,C_MCU1,C0603C101K3RACTU,,C_0603_1608Metric_Pad1.08x0.95mm_HandSolder,100nF,smt
117.1,-58.3,-90.0,top,C_PWR1,GRM21BZ71E106KE15L,,C_0805_2012Metric_Pad1.18x1.45mm_HandSolder,10uF,smt
127.375,-62.5,180.0,bottom,D1,LG T67F-R1T1-24-1-20-R18-Z,,LED_LG_T671-L2N1-1-Z,LED,smt
107.625,-62.5,0.0,bottom,D2,LG T67F-R1T1-24-1-20-R18-Z,,LED_LG_T671-L2N1-1-Z,LED,smt
129.45,-55.77,0.0,top,RDEC_MISO1,,,R_0603_1608Metric_Pad0.98x0.95mm_HandSolder,100R,smt
129.45,-57.696667,0.0,top,RDEC_MOSI1,,,R_0603_1608Metric_Pad0.98x0.95mm_HandSolder,100R,smt
129.45,-59.623333,0.0,top,RDEC_RST1,,,R_0603_1608Metric_Pad0.98x0.95mm_HandSolder,100R,smt
129.45,-61.55,0.0,top,RDEC_SCK1,,,R_0603_1608Metric_Pad0.98x0.95mm_HandSolder,100R,smt
132.0,-63.82,0.0,top,RPU_CS1,CRCW060310K0JNEA,,R_0603_1608Metric_Pad0.98x0.95mm_HandSolder,10K,smt
132.0,-66.33,0.0,top,RPU_RST1,CRCW060310K0JNEA,,R_0603_1608Metric_Pad0.98x0.95mm_HandSolder,10K,smt
132.0,-68.84,0.0,top,RPU_SCL1,CRCW060310K0JNEA,,R_0603_1608Metric_Pad0.98x0.95mm_HandSolder,10K,smt
132.0,-71.35,0.0,top,RPU_SDA1,CRCW060310K0JNEA,,R_0603_1608Metric_Pad0.98x0.95mm_HandSolder,10K,smt
103.0,-71.3,0.0,top,R_AON1,,,R_0603_1608Metric_Pad0.98x0.95mm_HandSolder,0R,smt
103.0,-63.82,0.0,top,R_BUZ1,CRCW06030000Z0EA,,R_0603_1608Metric_Pad0.98x0.95mm_HandSolder,0R,smt
103.0,-66.33,0.0,top,R_LED1,CRCW060343R0JNEA,,R_0603_1608Metric_Pad0.98x0.95mm_HandSolder,43R,smt
103.0,-68.84,0.0,top,R_LED2,CRCW060343R0JNEA,,R_0603_1608Metric_Pad0.98x0.95mm_HandSolder,43R,smt
107.0,-53.25,0.0,top,SW1,EG1218,None,SW_EG1218,EG1218,tht
107.0,-59.0,0.0,top,U1,ATTINY85V-10SU,,SOIC-8_5.3x5.3mm_P1.27mm,ATtiny85V-10SU,smt
123.65,-53.3125,0.0,top,U2,LIS2DH12TR,,LGA-12_STM,LIS2DH12TR,smt
