﻿pos_x,pos_y,rotation,side,designator,mpn,pack,footprint,value,mount_type
117.5,-75.0,0.0,top,BT1,3005,,BAT_3005,3005,tht
117.5,-75.0,0.0,bottom,BZ1,,,XDCR_SMT-1324-TW-1V-HT-R,SMT-1324-TW-1V-HT-R,smt
116.1,-60.05,180.0,top,C_ACC1,C0603C101K3RACTU,,C_0603_1608Metric_Pad1.08x0.95mm_HandSolder,100nF,smt
116.1,-61.75,180.0,top,C_MCU1,C0603C101K3RACTU,,C_0603_1608Metric_Pad1.08x0.95mm_HandSolder,100nF,smt
116.1,-57.95,180.0,top,C_PWR1,GRM21BZ71E106KE15L,,C_0805_2012Metric_Pad1.18x1.45mm_HandSolder,10uF,smt
127.375,-62.5,180.0,bottom,D1,LG T67F-R1T1-24-1-20-R18-Z,,LED_LG_T671-L2N1-1-Z,LED,smt
107.625,-62.5,0.0,bottom,D2,LG T67F-R1T1-24-1-20-R18-Z,,LED_LG_T671-L2N1-1-Z,LED,smt
129.2875,-55.05,180.0,top,R1,CRCW06030000Z0EA,,R_0603_1608Metric_Pad0.98x0.95mm_HandSolder,0R,smt
119.2875,-55.05,180.0,top,R2,CRCW060343R0JNEA,,R_0603_1608Metric_Pad0.98x0.95mm_HandSolder,43R,smt
124.2875,-55.05,180.0,top,R3,CRCW060343R0JNEA,,R_0603_1608Metric_Pad0.98x0.95mm_HandSolder,43R,smt
131.75,-53.15,0.0,top,RPU1,CRCW060310K0JNEA,,R_0603_1608Metric_Pad0.98x0.95mm_HandSolder,10K,smt
126.75,-53.15,0.0,top,RPU2,CRCW060310K0JNEA,,R_0603_1608Metric_Pad0.98x0.95mm_HandSolder,10K,smt
121.75,-53.15,0.0,top,RPU3,CRCW060310K0JNEA,,R_0603_1608Metric_Pad0.98x0.95mm_HandSolder,10K,smt
116.75,-53.15,0.0,top,RPU4,CRCW060310K0JNEA,,R_0603_1608Metric_Pad0.98x0.95mm_HandSolder,10K,smt
107.0,-53.25,0.0,top,SW1,EG1218,None,SW_EG1218,EG1218,tht
107.0,-59.0,0.0,top,U1,ATTINY85V-10SU,,SOIC-8_5.3x5.3mm_P1.27mm,ATtiny85V-10SU,smt
128.6375,-60.05,0.0,top,U2,LIS2DH12TR,,LGA-12_STM,LIS2DH12TR,smt
