﻿Designator,Quantity,Value,Footprint,Package,MPN,DNP,Mount_Type,Description,Manufacturer,SolderJoints,Sim.Pins,MF,PRICE,Check_prices,Price,SnapEDA_Link,MP,Description_1,Availability,AVAILABILITY,PURCHASE-URL
BT1,1,3005,BAT_3005,,3005,,tht,Single-cell battery,Keystone Electronics,2,,,,,,,,,,,
BZ1,1,SMT-1324-TW-1V-HT-R,XDCR_SMT-1324-TW-1V-HT-R,,SMT-1324-TW-1V-HT-R,,smt,"12.8 mm, 1.5 Vo-p, 88 dB, Surface Mount (SMT), Magnetic Audio Transducer Buzzer","PUI Audio, Inc.",2,,,,,,,,,,,
"C_ACC1, C_MCU1",2,100nF,C_0603_1608Metric_Pad1.08x0.95mm_HandSolder,,C0603C101K3RACTU,,smt,"Unpolarized capacitor, small symbol",KEMET,2,,,,,,,,,,,
C_PWR1,1,10uF,C_0805_2012Metric_Pad1.18x1.45mm_HandSolder,,GRM21BZ71E106KE15L,,smt,"Unpolarized capacitor, small symbol",Murata Electronics,2,,,,,,,,,,,
"D1, D2",2,LED,LED_LG_T671-L2N1-1-Z,,LG T67F-R1T1-24-1-20-R18-Z,,smt,LED GREEN CLEAR 2PLCC SMD,ams-OSRAM USA INC.,2,1=K 2=A,,,,,,,,,,
J1,1,TC2030_AVR,CON_TC2030_outlined,,,,tht,6-pin TC2030 connector for AVR ISP programming,,,,,,,,,,,,,
"RDEC_MISO1, RDEC_MOSI1, RDEC_RST1, RDEC_SCK1",4,100R,R_0603_1608Metric_Pad0.98x0.95mm_HandSolder,,,,smt,"Resistor, small symbol",,,,,,,,,,,,,
"RPU_CS1, RPU_RST1, RPU_SCL1, RPU_SDA1",4,10K,R_0603_1608Metric_Pad0.98x0.95mm_HandSolder,,CRCW060310K0JNEA,,smt,5% thick film 0.1mW,Vishay Dale,2,,,,,,,,,,,
R_AON1,1,0R,R_0603_1608Metric_Pad0.98x0.95mm_HandSolder,,,Yes,smt,"Resistor, small symbol",,,,,,,,,,,,,
R_BUZ1,1,0R,R_0603_1608Metric_Pad0.98x0.95mm_HandSolder,,CRCW06030000Z0EA,,smt,RES SMD 0 OHM JUMPER 1/10W 0603,Vishay Dale,2,,,,,,,,,,,
"R_LED1, R_LED2",2,43R,R_0603_1608Metric_Pad0.98x0.95mm_HandSolder,,CRCW060343R0JNEA,,smt,5% thick film 0.1mW,Vishay Dale,2,,,,,,,,,,,
SW1,1,EG1218,SW_EG1218,None,EG1218,,tht,Slide Switch SPDT Through Hole,E-Switch,,,E-Switch,None,https://www.snapeda.com/parts/EG1218/E-Switch/view-part/?ref=eda,None,https://www.snapeda.com/parts/EG1218/E-Switch/view-part/?ref=snap,EG1218,"Slide Switch, EG Series, SPDT, Non-Shorting, ON-ON, 200mA DC, 30VDC, PC Pin | E-Switch EG1218",In Stock,In Stock,https://pricing.snapeda.com/search/part/EG1218/?ref=eda
U1,1,ATtiny85V-10SU,SOIC-8_5.3x5.3mm_P1.27mm,,ATTINY85V-10SU,,smt,IC MCU 8BIT 8KB FLASH 8SOIC,Microchip Technology,8,,,,,,,,,,,
U2,1,LIS2DH12TR,LGA-12_STM,,LIS2DH12TR,,smt,ACCEL 2-16G I2C/SPI 12LGA,STMicroelectronics,12,,,,,,,,,,,
