﻿pos_x,pos_y,rotation,side,designator,mpn,pack,footprint,value,mount_type
117.5,-59.0,180.0,top,BT1,3005,,BAT_3005,3005,tht
117.5,-75.225,-90.0,bottom,BZ1,,,XDCR_SMT-0825-S-2-R,~,smt
107.208333,-78.6125,90.0,top,C_ACC1,C0603C101K3RACTU,,C_0603_1608Metric_Pad1.08x0.95mm_HandSolder,100nF,smt
110.655,-78.5875,90.0,top,C_MCU1,C0603C101K3RACTU,,C_0603_1608Metric_Pad1.08x0.95mm_HandSolder,100nF,smt
128.4375,-73.05,0.0,top,C_PWR1,GRM21BZ71E106KE15L,,C_0805_2012Metric_Pad1.18x1.45mm_HandSolder,10uF,smt
108.931667,-78.6125,90.0,top,C_SWI1,C0603C101K3RACTU,,C_0603_1608Metric_Pad1.08x0.95mm_HandSolder,100nF,smt
127.4,-63.0,0.0,bottom,D1,LG T67F-R1T1-24-1-20-R18-Z,,LED_LG_T671-L2N1-1-Z,LED,smt
107.65,-63.0,180.0,bottom,D2,LG T67F-R1T1-24-1-20-R18-Z,,LED_LG_T671-L2N1-1-Z,LED,smt
119.225,-82.5,-90.0,top,J2,,,PinHeader_1x06_P2.54mm_Vertical,Conn_01x06_Pin,tht
120.995,-78.5875,-90.0,top,RPU_CS1,CRCW060310K0JNEA,,R_0603_1608Metric_Pad0.98x0.95mm_HandSolder,10K,smt
112.378333,-78.5875,-90.0,top,RPU_INT1,CRCW060310K0JNEA,,R_0603_1608Metric_Pad0.98x0.95mm_HandSolder,10K,smt
119.271667,-78.5875,90.0,top,RPU_RST1,CRCW060310K0JNEA,,R_0603_1608Metric_Pad0.98x0.95mm_HandSolder,10K,smt
117.548333,-78.5875,90.0,top,RPU_SCL1,CRCW060310K0JNEA,,R_0603_1608Metric_Pad0.98x0.95mm_HandSolder,10K,smt
115.825,-78.5875,90.0,top,RPU_SDA1,CRCW060310K0JNEA,,R_0603_1608Metric_Pad0.98x0.95mm_HandSolder,10K,smt
114.101667,-78.5875,90.0,top,R_AON1,,,R_0603_1608Metric_Pad0.98x0.95mm_HandSolder,0R,smt
105.485,-78.6375,90.0,top,R_BUZ1,CRCW06030000Z0EA,,R_0603_1608Metric_Pad0.98x0.95mm_HandSolder,0R,smt
127.1875,-55.2375,-90.0,bottom,R_LED1,CRCW060343R0JNEA,,R_0603_1608Metric_Pad0.98x0.95mm_HandSolder,100R,smt
107.8625,-55.2375,-90.0,bottom,R_LED2,CRCW060343R0JNEA,,R_0603_1608Metric_Pad0.98x0.95mm_HandSolder,100R,smt
127.4,-82.5,180.0,top,SW1,EG1218,None,SW_EG1213,EG1213,tht
127.4,-77.595,180.0,top,U1,ATTINY85V-10SU,,SOIC-8_5.3x5.3mm_P1.27mm,ATtiny85V-10SU,smt
119.75,-74.05,0.0,top,U2,,QFN-24 STMicroelectronics,IIS328DQTR_QFN50P400X400X185-25N,IIS328DQTR,smt
110.7875,-74.035,90.0,top,U3,,,QFN50P300X250X100-15N,~,smt
