﻿Designator,Quantity,Value,Footprint,Package,MPN,DNP,Mount_Type,Description,Manufacturer,SolderJoints,Sim.Pins,MF,PRICE,Check_prices,Price,SnapEDA_Link,MP,Description_1,Availability,AVAILABILITY,PURCHASE-URL,B_NOM,A_MAX,B_MIN,DigiKey_Part_Number,B_MAX,ENOM,D_NOM,D_MAX,L_MAX,E2_NOM,D2_NOM,PARTREV,E_NOM,STANDARD,L_NOM,MANUFACTURER,MAXIMUM_PACKAGE_HEIGHT,PIN_COUNT_E,PIN_COUNT_D,E_MIN,D_MIN,L_MIN,E_MAX
BT1,1,3005,BAT_3005,,3005,,tht,Single-cell battery,Keystone Electronics,2,,,,,,,,,,,,,,,,,,,,,,,,,,,,,,,,,,
BZ1,1,~,XDCR_SMT-0825-S-2-R,,,,smt,,,,,,,,,,,,,,,,,,,,,,,,,,,,,,,,,,,,,
"C_ACC1, C_MCU1, C_SWI1",3,100nF,C_0603_1608Metric_Pad1.08x0.95mm_HandSolder,,C0603C101K3RACTU,,smt,"Unpolarized capacitor, small symbol",KEMET,2,,,,,,,,,,,,,,,,,,,,,,,,,,,,,,,,,,
C_PWR1,1,10uF,C_0805_2012Metric_Pad1.18x1.45mm_HandSolder,,GRM21BZ71E106KE15L,,smt,"Unpolarized capacitor, small symbol",Murata Electronics,2,,,,,,,,,,,,,,,,,,,,,,,,,,,,,,,,,,
"D1, D2",2,LED,LED_LG_T671-L2N1-1-Z,,LG T67F-R1T1-24-1-20-R18-Z,,smt,LED GREEN CLEAR 2PLCC SMD,ams-OSRAM USA INC.,2,1=K 2=A,,,,,,,,,,,,,,,,,,,,,,,,,,,,,,,,,
J1,1,TC2030_AVR,CON_TC2030_outlined,,,,tht,6-pin TC2030 connector for AVR ISP programming,,,,,,,,,,,,,,,,,,,,,,,,,,,,,,,,,,,,
J2,1,Conn_01x06_Pin,PinHeader_1x06_P2.54mm_Vertical,,,,tht,"Generic connector, single row, 01x06, script generated",,,,,,,,,,,,,,,,,,,,,,,,,,,,,,,,,,,,
"RPU_CS1, RPU_INT1, RPU_RST1, RPU_SCL1, RPU_SDA1",5,10K,R_0603_1608Metric_Pad0.98x0.95mm_HandSolder,,CRCW060310K0JNEA,,smt,5% thick film 0.1mW,Vishay Dale,2,,,,,,,,,,,,,,,,,,,,,,,,,,,,,,,,,,
R_AON1,1,0R,R_0603_1608Metric_Pad0.98x0.95mm_HandSolder,,,Yes,smt,"Resistor, small symbol",,,,,,,,,,,,,,,,,,,,,,,,,,,,,,,,,,,,
R_BUZ1,1,0R,R_0603_1608Metric_Pad0.98x0.95mm_HandSolder,,CRCW06030000Z0EA,,smt,RES SMD 0 OHM JUMPER 1/10W 0603,Vishay Dale,2,,,,,,,,,,,,,,,,,,,,,,,,,,,,,,,,,,
"R_LED1, R_LED2",2,100R,R_0603_1608Metric_Pad0.98x0.95mm_HandSolder,,CRCW060343R0JNEA,,smt,5% thick film 0.1mW,Vishay Dale,2,,,,,,,,,,,,,,,,,,,,,,,,,,,,,,,,,,
SW1,1,EG1213,SW_EG1213,None,EG1218,,tht,Slide Switch SPDT Through Hole,E-Switch,,,E-Switch,None,https://www.snapeda.com/parts/EG1218/E-Switch/view-part/?ref=eda,None,https://www.snapeda.com/parts/EG1218/E-Switch/view-part/?ref=snap,EG1218,"Slide Switch, EG Series, SPDT, Non-Shorting, ON-ON, 200mA DC, 30VDC, PC Pin | E-Switch EG1218",In Stock,In Stock,https://pricing.snapeda.com/search/part/EG1218/?ref=eda,,,,,,,,,,,,,,,,,,,,,,,
U1,1,ATtiny85V-10SU,SOIC-8_5.3x5.3mm_P1.27mm,,ATTINY85V-10SU,,smt,IC MCU 8BIT 8KB FLASH 8SOIC,Microchip Technology,8,,,,,,,,,,,,,,,,,,,,,,,,,,,,,,,,,,
U2,1,IIS328DQTR,IIS328DQTR_QFN50P400X400X185-25N,QFN-24 STMicroelectronics,,,smt,ACCEL 2-16G I2C/SPI 12LGA,,,,STMicroelectronics,,https://www.snapeda.com/parts/IIS328DQTR/STMicroelectronics/view-part/?ref=eda,,https://www.snapeda.com/parts/IIS328DQTR/STMicroelectronics/view-part/?ref=snap,IIS328DQTR,"Accelerometer X, Y, Z Axis ±2g, 4g, 8g 25Hz ~ 500Hz 24-QFN (4x4)",,,,0.25,1.85,0.2,497-15701-1-ND,0.3,0.5,4.0,4.0,0.45,2.3,2.3,3,4.0,IPC 7351B,0.4,ST Microelectronics,1.85mm,6.0,6.0,4.0,4.0,0.35,4.0
U3,1,~,QFN50P300X250X100-15N,,,,smt,,,,,,,,,,,,,,,,,,,,,,,,,,,,,,,,,,,,,
